,energy_symmetric,energy_nonsymmetric
W,-2.380247894364737,-2.5743617896515554
Mo,-4.773066550429255,-4.773054013754572
S,-0.823406167829278,-1.0064358087804777
Se,-0.734177684091485,-0.8533335389640911
O,5.064871908721734,4.715750808784785
